user_id,tariff_plan,region,month,plan_limit_gb,traffic_gb_used
u1000,Unlimited,Talas,Mar,Unlimited,70.63
u1001,Standard,Issyk-Kul,Jan,20,20.48
u1002,Premium,Talas,Mar,40,27.08
u1003,Premium,Bishkek,Feb,40,41.73
u1004,Unlimited,Naryn,Mar,Unlimited,72.95
u1005,Premium,Batken,Mar,40,33.09
u1006,Unlimited,Naryn,Jan,Unlimited,73.09
u1007,Premium,Osh,Jan,40,36.86
u1008,Unlimited,Osh,Feb,Unlimited,67.68
u1009,Premium,Issyk-Kul,Mar,40,36.14
u1010,Unlimited,Jalal-Abad,Feb,Unlimited,56.61
u1011,Unlimited,Naryn,Feb,Unlimited,91.88
u1012,Premium,Jalal-Abad,Jan,40,39.23
u1013,Standard,Talas,Mar,20,22.89
u1014,Premium,Naryn,Jan,40,28.04
u1015,Unlimited,Issyk-Kul,Feb,Unlimited,87.45
u1016,Unlimited,Osh,Feb,Unlimited,108.75
u1017,Premium,Talas,Mar,40,37.24
u1018,Unlimited,Talas,Feb,Unlimited,71.07
u1019,Premium,Jalal-Abad,Mar,40,
u1020,Premium,Osh,Feb,40,27.87
u1021,Premium,Issyk-Kul,Jan,40,41.46
u1022,Standard,Bishkek,Feb,20,20.87
u1023,Unlimited,Bishkek,Mar,Unlimited,81.69
u1024,Unlimited,Osh,Mar,Unlimited,71.83
u1025,Standard,Talas,Jan,20,8.24
u1026,Standard,Issyk-Kul,Mar,20,19.3
u1027,Standard,Issyk-Kul,Mar,20,21.01
u1028,Unlimited,Naryn,Feb,Unlimited,90.51
u1029,Standard,Naryn,Feb,20,17.4
u1030,Standard,Issyk-Kul,Mar,20,14.64
u1031,Standard,Naryn,Feb,20,15.29
u1032,Unlimited,Talas,Jan,Unlimited,83.68
u1033,Unlimited,Osh,Jan,Unlimited,81.11
u1034,Premium,Talas,Jan,40,33.54
u1035,Standard,Jalal-Abad,Jan,20,12.28
u1036,Unlimited,Naryn,Mar,Unlimited,75.89
u1037,Unlimited,Issyk-Kul,Feb,Unlimited,85.55
u1038,Standard,Batken,Jan,20,15.74
u1039,Unlimited,Batken,Jan,Unlimited,90.02
u1040,Unlimited,Talas,Mar,Unlimited,72.25
u1041,Unlimited,Issyk-Kul,Feb,Unlimited,71.96
u1042,Standard,Naryn,Feb,20,14.94
u1043,Unlimited,Jalal-Abad,Jan,Unlimited,78.22
u1044,Standard,Bishkek,Mar,20,13.15
u1045,Premium,Batken,Jan,40,38.89
u1046,Standard,Talas,Jan,20,20.66
u1047,Premium,Issyk-Kul,Mar,40,31.87
u1048,Standard,Batken,Jan,20,20.4
u1049,Unlimited,Issyk-Kul,Mar,Unlimited,76.7
u1050,Unlimited,Batken,Feb,Unlimited,79.01
u1051,Premium,Issyk-Kul,Mar,40,44.58
u1052,Standard,Batken,Mar,20,22.77
u1053,Unlimited,Naryn,Feb,Unlimited,60.59
u1054,Standard,Osh,Feb,20,17.48
u1055,Premium,Jalal-Abad,Feb,40,38.56
u1056,Unlimited,Osh,Jan,Unlimited,82.31
u1057,Premium,Talas,Mar,40,31.64
u1058,Standard,Issyk-Kul,Feb,20,13.83
u1059,Premium,Batken,Feb,40,46.02
u1060,Unlimited,Osh,Feb,Unlimited,84.77
u1061,Standard,Naryn,Jan,20,19.56
u1062,Unlimited,Issyk-Kul,Feb,Unlimited,56.25
u1063,Premium,Bishkek,Mar,40,35.9
u1064,Unlimited,Osh,Jan,Unlimited,79.18
u1065,Premium,Osh,Mar,40,36.28
u1066,Standard,Batken,Jan,20,
u1067,Premium,Batken,Feb,40,25.12
u1068,Premium,Batken,Jan,40,21.31
u1069,Premium,Issyk-Kul,Jan,40,35.44
u1070,Unlimited,Bishkek,Jan,Unlimited,
u1071,Standard,Batken,Feb,20,20.74
u1072,Unlimited,Osh,Feb,Unlimited,73.52
u1073,Premium,Jalal-Abad,Mar,40,36.28
u1074,Standard,Talas,Mar,20,20.5
u1075,Unlimited,Jalal-Abad,Mar,Unlimited,68.49
u1076,Unlimited,Issyk-Kul,Feb,Unlimited,64.98
u1077,Standard,Naryn,Jan,20,18.8
u1078,Unlimited,Batken,Mar,Unlimited,99.04
u1079,Unlimited,Bishkek,Jan,Unlimited,80.98
u1080,Standard,Talas,Mar,20,21.01
u1081,Unlimited,Talas,Jan,Unlimited,60.89
u1082,Standard,Osh,Jan,20,19.12
u1083,Unlimited,Jalal-Abad,Jan,Unlimited,
u1084,Unlimited,Bishkek,Mar,Unlimited,78.84
u1085,Unlimited,Talas,Mar,Unlimited,100.96
u1086,Unlimited,Issyk-Kul,Jan,Unlimited,57.17
u1087,Premium,Osh,Jan,40,29.0
u1088,Unlimited,Issyk-Kul,Mar,Unlimited,29.73
u1089,Standard,Jalal-Abad,Jan,20,16.52
u1090,Premium,Naryn,Feb,40,46.54
u1091,Unlimited,Talas,Mar,Unlimited,79.8
u1092,Standard,Batken,Jan,20,20.67
u1093,Standard,Bishkek,Jan,20,19.78
u1094,Unlimited,Batken,Feb,Unlimited,49.77
u1095,Premium,Osh,Mar,40,30.31
u1096,Standard,Naryn,Jan,20,14.96
u1097,Premium,Jalal-Abad,Feb,40,42.07
u1098,Unlimited,Bishkek,Feb,Unlimited,71.16
u1099,Standard,Jalal-Abad,Mar,20,20.39
u1100,Premium,Talas,Mar,40,33.22
u1101,Unlimited,Naryn,Jan,Unlimited,72.21
u1102,Standard,Jalal-Abad,Feb,20,14.12
u1103,Unlimited,Osh,Mar,Unlimited,47.45
u1104,Premium,Talas,Jan,40,38.53
u1105,Standard,Osh,Feb,20,22.78
u1106,Standard,Issyk-Kul,Mar,20,22.66
u1107,Premium,Talas,Feb,40,26.59
u1108,Premium,Naryn,Feb,40,38.87
u1109,Standard,Jalal-Abad,Jan,20,13.91
u1110,Unlimited,Osh,Jan,Unlimited,78.98
u1111,Premium,Batken,Feb,40,23.16
u1112,Standard,Talas,Jan,20,13.18
u1113,Standard,Osh,Feb,20,17.88
u1114,Premium,Jalal-Abad,Feb,40,30.38
u1115,Unlimited,Jalal-Abad,Feb,Unlimited,60.23
u1116,Unlimited,Bishkek,Jan,Unlimited,56.3
u1117,Premium,Issyk-Kul,Feb,40,33.55
u1118,Premium,Batken,Mar,40,38.01
u1119,Premium,Jalal-Abad,Feb,40,34.28
u1120,Unlimited,Jalal-Abad,Jan,Unlimited,56.69
u1121,Standard,Bishkek,Mar,20,19.95
u1122,Unlimited,Batken,Feb,Unlimited,80.07
u1123,Premium,Jalal-Abad,Mar,40,38.03
u1124,Premium,Talas,Mar,40,40.04
u1125,Standard,Jalal-Abad,Feb,20,16.2
u1126,Unlimited,Talas,Feb,Unlimited,89.21
u1127,Premium,Osh,Feb,40,36.69
u1128,Standard,Jalal-Abad,Mar,20,15.85
u1129,Standard,Batken,Feb,20,21.93
u1130,Unlimited,Osh,Jan,Unlimited,92.09
u1131,Premium,Jalal-Abad,Mar,40,43.62
u1132,Unlimited,Batken,Jan,Unlimited,78.45
u1133,Unlimited,Bishkek,Jan,Unlimited,73.1
u1134,Unlimited,Naryn,Mar,Unlimited,76.83
u1135,Unlimited,Naryn,Feb,Unlimited,62.56
u1136,Standard,Osh,Jan,20,14.62
u1137,Unlimited,Talas,Mar,Unlimited,72.18
u1138,Premium,Issyk-Kul,Feb,40,33.15
u1139,Unlimited,Bishkek,Jan,Unlimited,95.25
u1140,Premium,Batken,Mar,40,29.8
u1141,Standard,Batken,Mar,20,16.5
u1142,Premium,Issyk-Kul,Mar,40,38.09
u1143,Standard,Osh,Mar,20,10.95
u1144,Premium,Talas,Mar,40,33.57
u1145,Standard,Talas,Feb,20,19.82
u1146,Unlimited,Naryn,Jan,Unlimited,83.71
u1147,Unlimited,Bishkek,Mar,Unlimited,70.44
u1148,Unlimited,Bishkek,Feb,Unlimited,54.99
u1149,Unlimited,Naryn,Feb,Unlimited,90.07
u1150,Unlimited,Naryn,Jan,Unlimited,55.72
u1151,Unlimited,Talas,Feb,Unlimited,77.97
u1152,Premium,Bishkek,Mar,40,45.06
u1153,Unlimited,Issyk-Kul,Jan,Unlimited,75.1
u1154,Standard,Talas,Jan,20,14.2
u1155,Standard,Talas,Feb,20,12.95
u1156,Premium,Issyk-Kul,Mar,40,38.21
u1157,Premium,Jalal-Abad,Jan,40,32.18
u1158,Premium,Talas,Mar,40,36.7
u1159,Standard,Batken,Jan,20,
u1160,Unlimited,Batken,Feb,Unlimited,90.53
u1161,Unlimited,Batken,Jan,Unlimited,44.62
u1162,Unlimited,Naryn,Mar,Unlimited,64.38
u1163,Standard,Bishkek,Jan,20,12.85
u1164,Unlimited,Talas,Jan,Unlimited,78.57
u1165,Standard,Osh,Feb,20,23.55
u1166,Premium,Osh,Feb,40,46.96
u1167,Premium,Osh,Feb,40,29.75
u1168,Standard,Talas,Mar,20,19.16
u1169,Standard,Issyk-Kul,Mar,20,15.57
u1170,Premium,Issyk-Kul,Feb,40,25.05
u1171,Unlimited,Issyk-Kul,Feb,Unlimited,65.32
u1172,Standard,Talas,Jan,20,13.14
u1173,Unlimited,Batken,Feb,Unlimited,72.72
u1174,Standard,Osh,Jan,20,19.91
u1175,Standard,Batken,Feb,20,19.9
u1176,Premium,Talas,Jan,40,29.46
u1177,Premium,Batken,Jan,40,38.97
u1178,Standard,Bishkek,Jan,20,21.98
u1179,Standard,Talas,Feb,20,17.8
u1180,Standard,Batken,Jan,20,18.77
u1181,Premium,Naryn,Jan,40,31.12
u1182,Standard,Jalal-Abad,Jan,20,18.93
u1183,Premium,Naryn,Jan,40,29.17
u1184,Standard,Jalal-Abad,Mar,20,22.22
u1185,Unlimited,Issyk-Kul,Jan,Unlimited,80.23
u1186,Premium,Osh,Jan,40,32.61
u1187,Premium,Batken,Jan,40,30.5
u1188,Unlimited,Batken,Jan,Unlimited,80.24
u1189,Premium,Issyk-Kul,Mar,40,40.43
u1190,Premium,Talas,Jan,40,38.77
u1191,Unlimited,Jalal-Abad,Jan,Unlimited,82.29
u1192,Standard,Talas,Feb,20,20.56
u1193,Standard,Osh,Feb,20,19.94
u1194,Unlimited,Bishkek,Jan,Unlimited,86.83
u1195,Premium,Talas,Feb,40,30.76
u1196,Standard,Bishkek,Feb,20,20.57
u1197,Standard,Osh,Jan,20,13.15
u1198,Unlimited,Batken,Feb,Unlimited,66.17
u1199,Standard,Jalal-Abad,Mar,20,16.33
u1200,Premium,Jalal-Abad,Feb,40,30.34
u1201,Unlimited,Issyk-Kul,Feb,Unlimited,63.35
u1202,Premium,Naryn,Feb,40,34.71
u1203,Standard,Issyk-Kul,Feb,20,18.26
u1204,Unlimited,Jalal-Abad,Jan,Unlimited,57.77
u1205,Premium,Issyk-Kul,Feb,40,28.91
u1206,Premium,Bishkek,Feb,40,35.78
u1207,Premium,Jalal-Abad,Mar,40,22.97
u1208,Premium,Issyk-Kul,Jan,40,
u1209,Premium,Bishkek,Jan,40,39.53
u1210,Premium,Naryn,Jan,40,16.92
u1211,Standard,Bishkek,Feb,20,16.3
u1212,Premium,Bishkek,Jan,40,41.74
u1213,Unlimited,Osh,Mar,Unlimited,52.02
u1214,Standard,Naryn,Jan,20,18.76
u1215,Premium,Naryn,Feb,40,39.31
u1216,Premium,Issyk-Kul,Feb,40,38.33
u1217,Premium,Issyk-Kul,Jan,40,38.95
u1218,Standard,Batken,Jan,20,16.16
u1219,Premium,Talas,Jan,40,38.64
u1220,Unlimited,Naryn,Jan,Unlimited,48.34
u1221,Unlimited,Talas,Feb,Unlimited,78.23
u1222,Premium,Naryn,Mar,40,31.03
u1223,Standard,Jalal-Abad,Mar,20,23.36
u1224,Premium,Naryn,Feb,40,40.6
u1225,Unlimited,Issyk-Kul,Jan,Unlimited,36.38
u1226,Premium,Issyk-Kul,Mar,40,
u1227,Premium,Bishkek,Mar,40,35.2
u1228,Standard,Issyk-Kul,Feb,20,23.04
u1229,Standard,Osh,Feb,20,25.03
u1230,Standard,Issyk-Kul,Jan,20,13.81
u1231,Premium,Issyk-Kul,Feb,40,28.46
u1232,Standard,Issyk-Kul,Mar,20,
u1233,Unlimited,Talas,Feb,Unlimited,67.93
u1234,Unlimited,Talas,Feb,Unlimited,78.37
u1235,Unlimited,Batken,Mar,Unlimited,68.15
u1236,Unlimited,Bishkek,Mar,Unlimited,73.4
u1237,Standard,Naryn,Feb,20,22.16
u1238,Unlimited,Jalal-Abad,Feb,Unlimited,57.78
u1239,Standard,Batken,Feb,20,11.34
u1240,Unlimited,Naryn,Mar,Unlimited,64.0
u1241,Premium,Talas,Jan,40,43.65
u1242,Unlimited,Bishkek,Jan,Unlimited,90.48
u1243,Standard,Osh,Jan,20,19.45
u1244,Unlimited,Osh,Jan,Unlimited,75.54
u1245,Standard,Batken,Mar,20,17.9
u1246,Unlimited,Jalal-Abad,Mar,Unlimited,55.57
u1247,Unlimited,Talas,Jan,Unlimited,73.09
u1248,Premium,Jalal-Abad,Jan,40,22.63
u1249,Unlimited,Issyk-Kul,Jan,Unlimited,46.3
u1250,Standard,Jalal-Abad,Mar,20,17.56
u1251,Unlimited,Jalal-Abad,Feb,Unlimited,90.04
u1252,Standard,Batken,Jan,20,17.98
u1253,Unlimited,Osh,Jan,Unlimited,66.28
u1254,Premium,Batken,Mar,40,34.73
u1255,Premium,Batken,Mar,40,40.01
u1256,Premium,Talas,Feb,40,26.4
u1257,Premium,Osh,Feb,40,39.84
u1258,Unlimited,Naryn,Mar,Unlimited,79.65
u1259,Premium,Jalal-Abad,Jan,40,31.41
u1260,Unlimited,Jalal-Abad,Feb,Unlimited,61.18
u1261,Unlimited,Naryn,Jan,Unlimited,53.66
u1262,Unlimited,Issyk-Kul,Jan,Unlimited,
u1263,Unlimited,Naryn,Feb,Unlimited,62.93
u1264,Standard,Issyk-Kul,Feb,20,13.68
u1265,Unlimited,Batken,Jan,Unlimited,76.81
u1266,Premium,Batken,Mar,40,40.69
u1267,Unlimited,Osh,Feb,Unlimited,47.98
u1268,Premium,Naryn,Jan,40,27.75
u1269,Premium,Talas,Jan,40,36.19
u1270,Premium,Bishkek,Jan,40,33.3
u1271,Standard,Talas,Feb,20,20.92
u1272,Standard,Talas,Mar,20,18.7
u1273,Standard,Talas,Jan,20,19.37
u1274,Unlimited,Issyk-Kul,Feb,Unlimited,55.03
u1275,Standard,Naryn,Feb,20,14.92
u1276,Unlimited,Talas,Feb,Unlimited,66.13
u1277,Premium,Talas,Feb,40,40.73
u1278,Standard,Bishkek,Feb,20,20.3
u1279,Unlimited,Talas,Mar,Unlimited,87.33
u1280,Standard,Talas,Feb,20,23.77
u1281,Standard,Issyk-Kul,Jan,20,18.34
u1282,Premium,Talas,Feb,40,32.69
u1283,Premium,Talas,Mar,40,25.08
u1284,Premium,Batken,Jan,40,21.53
u1285,Premium,Issyk-Kul,Jan,40,37.03
u1286,Unlimited,Talas,Mar,Unlimited,76.38
u1287,Unlimited,Osh,Feb,Unlimited,42.65
u1288,Premium,Osh,Feb,40,31.67
u1289,Premium,Bishkek,Mar,40,29.08
u1290,Premium,Issyk-Kul,Feb,40,35.53
u1291,Premium,Issyk-Kul,Mar,40,32.46
u1292,Unlimited,Batken,Jan,Unlimited,82.36
u1293,Standard,Batken,Mar,20,22.6
u1294,Premium,Naryn,Jan,40,41.62
u1295,Premium,Jalal-Abad,Jan,40,43.37
u1296,Standard,Batken,Jan,20,23.86
u1297,Unlimited,Issyk-Kul,Mar,Unlimited,75.96
u1298,Standard,Osh,Jan,20,15.11
u1299,Premium,Osh,Jan,40,37.88
u1300,Unlimited,Naryn,Feb,Unlimited,61.91
u1301,Unlimited,Issyk-Kul,Feb,Unlimited,48.63
u1302,Unlimited,Batken,Jan,Unlimited,68.83
u1303,Premium,Bishkek,Mar,40,34.07
u1304,Unlimited,Batken,Mar,Unlimited,87.37
u1305,Unlimited,Talas,Feb,Unlimited,65.02
u1306,Standard,Talas,Mar,20,26.09
u1307,Standard,Bishkek,Jan,20,19.04
u1308,Unlimited,Naryn,Feb,Unlimited,88.0
u1309,Premium,Jalal-Abad,Feb,40,32.86
u1310,Unlimited,Osh,Mar,Unlimited,74.06
u1311,Premium,Talas,Jan,40,40.0
u1312,Premium,Talas,Jan,40,36.29
u1313,Premium,Issyk-Kul,Mar,40,51.15
u1314,Unlimited,Batken,Jan,Unlimited,96.31
u1315,Premium,Naryn,Mar,40,40.54
u1316,Unlimited,Batken,Mar,Unlimited,63.51
u1317,Standard,Naryn,Jan,20,16.45
u1318,Premium,Talas,Feb,40,33.62
u1319,Premium,Batken,Feb,40,28.11
u1320,Standard,Talas,Mar,20,24.28
u1321,Premium,Bishkek,Mar,40,30.13
u1322,Standard,Osh,Mar,20,16.31
u1323,Premium,Jalal-Abad,Mar,40,30.35
u1324,Unlimited,Jalal-Abad,Jan,Unlimited,74.68
u1325,Unlimited,Osh,Mar,Unlimited,64.0
u1326,Premium,Batken,Feb,40,34.81
u1327,Premium,Bishkek,Jan,40,
u1328,Standard,Osh,Feb,20,7.27
u1329,Standard,Osh,Feb,20,18.33
u1330,Standard,Issyk-Kul,Jan,20,
u1331,Unlimited,Osh,Jan,Unlimited,51.87
u1332,Unlimited,Issyk-Kul,Feb,Unlimited,57.1
u1333,Standard,Bishkek,Jan,20,21.32
u1334,Unlimited,Naryn,Feb,Unlimited,81.08
u1335,Standard,Batken,Feb,20,15.86
u1336,Premium,Issyk-Kul,Feb,40,47.82
u1337,Unlimited,Talas,Mar,Unlimited,101.33
u1338,Unlimited,Talas,Mar,Unlimited,72.48
u1339,Premium,Naryn,Mar,40,30.3
u1340,Standard,Talas,Feb,20,20.83
u1341,Premium,Issyk-Kul,Jan,40,33.68
u1342,Premium,Issyk-Kul,Mar,40,33.38
u1343,Unlimited,Naryn,Jan,Unlimited,32.26
u1344,Standard,Osh,Mar,20,14.78
u1345,Standard,Naryn,Feb,20,19.2
u1346,Premium,Bishkek,Jan,40,28.51
u1347,Premium,Talas,Feb,40,33.84
u1348,Standard,Osh,Jan,20,13.24
u1349,Premium,Bishkek,Mar,40,34.1
u1350,Unlimited,Osh,Mar,Unlimited,63.99
u1351,Standard,Batken,Jan,20,18.37
u1352,Standard,Issyk-Kul,Jan,20,17.03
u1353,Standard,Jalal-Abad,Mar,20,16.18
u1354,Unlimited,Naryn,Mar,Unlimited,74.25
u1355,Premium,Jalal-Abad,Feb,40,46.5
u1356,Standard,Issyk-Kul,Jan,20,19.73
u1357,Unlimited,Batken,Jan,Unlimited,67.03
u1358,Unlimited,Batken,Feb,Unlimited,95.11
u1359,Unlimited,Osh,Mar,Unlimited,69.43
u1360,Standard,Osh,Feb,20,12.59
u1361,Standard,Bishkek,Feb,20,18.56
u1362,Unlimited,Batken,Feb,Unlimited,74.21
u1363,Standard,Bishkek,Jan,20,20.9
u1364,Premium,Batken,Jan,40,31.0
u1365,Premium,Osh,Jan,40,29.94
u1366,Unlimited,Batken,Jan,Unlimited,85.49
u1367,Unlimited,Osh,Mar,Unlimited,77.4
u1368,Standard,Issyk-Kul,Jan,20,17.99
u1369,Premium,Talas,Jan,40,42.07
u1370,Premium,Jalal-Abad,Feb,40,37.03
u1371,Standard,Issyk-Kul,Mar,20,18.21
u1372,Premium,Naryn,Mar,40,33.2
u1373,Premium,Bishkek,Mar,40,40.17
u1374,Premium,Jalal-Abad,Jan,40,35.52
u1375,Premium,Naryn,Mar,40,37.06
u1376,Premium,Batken,Mar,40,29.44
u1377,Standard,Bishkek,Feb,20,12.85
u1378,Premium,Batken,Mar,40,42.95
u1379,Standard,Issyk-Kul,Jan,20,19.02
u1380,Standard,Jalal-Abad,Feb,20,22.79
u1381,Unlimited,Batken,Mar,Unlimited,91.5
u1382,Premium,Naryn,Jan,40,36.55
u1383,Standard,Osh,Feb,20,20.65
u1384,Unlimited,Talas,Feb,Unlimited,69.73
u1385,Standard,Bishkek,Mar,20,16.13
u1386,Unlimited,Talas,Feb,Unlimited,80.84
u1387,Standard,Issyk-Kul,Feb,20,
u1388,Standard,Jalal-Abad,Mar,20,14.07
u1389,Standard,Issyk-Kul,Jan,20,13.31
u1390,Standard,Jalal-Abad,Feb,20,14.91
u1391,Standard,Naryn,Jan,20,16.14
u1392,Standard,Batken,Mar,20,
u1393,Unlimited,Bishkek,Feb,Unlimited,87.63
u1394,Unlimited,Bishkek,Feb,Unlimited,67.52
u1395,Premium,Batken,Feb,40,31.65
u1396,Premium,Osh,Jan,40,34.56
u1397,Premium,Issyk-Kul,Mar,40,18.5
u1398,Unlimited,Osh,Mar,Unlimited,56.17
u1399,Premium,Osh,Jan,40,34.3
u1400,Premium,Talas,Feb,40,42.07
u1401,Unlimited,Batken,Feb,Unlimited,73.43
u1402,Unlimited,Osh,Feb,Unlimited,75.36
u1403,Unlimited,Talas,Mar,Unlimited,31.04
u1404,Unlimited,Talas,Mar,Unlimited,65.1
u1405,Standard,Naryn,Mar,20,26.67
u1406,Premium,Issyk-Kul,Jan,40,19.53
u1407,Unlimited,Naryn,Feb,Unlimited,72.42
u1408,Unlimited,Osh,Feb,Unlimited,62.8
u1409,Standard,Osh,Feb,20,20.04
u1410,Premium,Naryn,Mar,40,41.77
u1411,Standard,Issyk-Kul,Jan,20,24.18
u1412,Standard,Bishkek,Jan,20,18.97
u1413,Standard,Bishkek,Mar,20,13.27
u1414,Premium,Batken,Mar,40,36.13
u1415,Premium,Jalal-Abad,Feb,40,35.11
u1416,Unlimited,Bishkek,Mar,Unlimited,67.44
u1417,Standard,Bishkek,Jan,20,19.25
u1418,Unlimited,Talas,Feb,Unlimited,63.88
u1419,Unlimited,Issyk-Kul,Mar,Unlimited,65.84
u1420,Premium,Issyk-Kul,Feb,40,38.18
u1421,Premium,Bishkek,Feb,40,42.19
u1422,Unlimited,Bishkek,Mar,Unlimited,70.09
u1423,Premium,Talas,Feb,40,33.1
u1424,Premium,Batken,Mar,40,41.09
u1425,Standard,Jalal-Abad,Feb,20,19.3
u1426,Premium,Naryn,Mar,40,26.64
u1427,Standard,Issyk-Kul,Feb,20,20.7
u1428,Standard,Osh,Jan,20,19.08
u1429,Unlimited,Issyk-Kul,Jan,Unlimited,87.95
u1430,Unlimited,Jalal-Abad,Mar,Unlimited,45.29
u1431,Standard,Issyk-Kul,Jan,20,21.35
u1432,Unlimited,Jalal-Abad,Mar,Unlimited,81.21
u1433,Standard,Bishkek,Jan,20,
u1434,Unlimited,Naryn,Mar,Unlimited,65.07
u1435,Unlimited,Naryn,Jan,Unlimited,71.06
u1436,Unlimited,Batken,Jan,Unlimited,67.37
u1437,Premium,Batken,Mar,40,34.95
u1438,Premium,Jalal-Abad,Feb,40,31.29
u1439,Standard,Naryn,Mar,20,14.38
u1440,Unlimited,Bishkek,Feb,Unlimited,53.49
u1441,Premium,Jalal-Abad,Feb,40,37.64
u1442,Unlimited,Osh,Feb,Unlimited,65.99
u1443,Unlimited,Osh,Mar,Unlimited,82.11
u1444,Unlimited,Batken,Feb,Unlimited,88.73
u1445,Premium,Bishkek,Feb,40,41.1
u1446,Unlimited,Talas,Feb,Unlimited,75.28
u1447,Premium,Batken,Feb,40,40.23
u1448,Unlimited,Bishkek,Feb,Unlimited,53.08
u1449,Unlimited,Bishkek,Mar,Unlimited,60.83
u1450,Unlimited,Jalal-Abad,Feb,Unlimited,53.43
u1451,Standard,Osh,Mar,20,13.25
u1452,Standard,Bishkek,Feb,20,20.23
u1453,Premium,Bishkek,Feb,40,29.17
u1454,Standard,Talas,Mar,20,16.43
u1455,Premium,Naryn,Mar,40,26.81
u1456,Standard,Jalal-Abad,Jan,20,20.35
u1457,Unlimited,Osh,Jan,Unlimited,66.86
u1458,Unlimited,Osh,Feb,Unlimited,73.54
u1459,Premium,Osh,Feb,40,31.38
u1460,Standard,Batken,Mar,20,18.63
u1461,Premium,Osh,Feb,40,30.82
u1462,Unlimited,Jalal-Abad,Feb,Unlimited,87.73
u1463,Premium,Batken,Feb,40,44.03
u1464,Standard,Batken,Jan,20,21.03
u1465,Unlimited,Bishkek,Feb,Unlimited,71.79
u1466,Premium,Talas,Jan,40,27.44
u1467,Premium,Batken,Feb,40,35.17
u1468,Standard,Talas,Jan,20,17.47
u1469,Unlimited,Jalal-Abad,Mar,Unlimited,99.71
u1470,Unlimited,Issyk-Kul,Jan,Unlimited,80.4
u1471,Premium,Batken,Feb,40,41.4
u1472,Standard,Osh,Jan,20,18.41
u1473,Unlimited,Talas,Feb,Unlimited,64.48
u1474,Standard,Batken,Feb,20,16.74
u1475,Standard,Batken,Jan,20,15.73
u1476,Standard,Naryn,Jan,20,28.75
u1477,Premium,Naryn,Feb,40,37.18
u1478,Unlimited,Osh,Jan,Unlimited,70.44
u1479,Premium,Naryn,Mar,40,48.11
u1480,Unlimited,Osh,Jan,Unlimited,92.22
u1481,Premium,Jalal-Abad,Feb,40,34.92
u1482,Standard,Jalal-Abad,Mar,20,9.11
u1483,Standard,Naryn,Jan,20,17.32
u1484,Standard,Naryn,Jan,20,21.19
u1485,Premium,Jalal-Abad,Mar,40,34.61
u1486,Standard,Jalal-Abad,Mar,20,11.75
u1487,Unlimited,Osh,Feb,Unlimited,68.22
u1488,Standard,Batken,Mar,20,16.67
u1489,Premium,Naryn,Mar,40,36.13
u1490,Standard,Talas,Jan,20,16.99
u1491,Standard,Osh,Feb,20,15.47
u1492,Unlimited,Osh,Jan,Unlimited,92.57
u1493,Unlimited,Talas,Jan,Unlimited,66.47
u1494,Unlimited,Jalal-Abad,Mar,Unlimited,69.52
u1495,Premium,Osh,Feb,40,34.6
u1496,Premium,Naryn,Jan,40,41.84
u1497,Unlimited,Jalal-Abad,Feb,Unlimited,80.23
u1498,Premium,Bishkek,Jan,40,41.66
u1499,Premium,Naryn,Mar,40,41.46
u1500,Standard,Talas,Mar,20,16.05
u1501,Standard,Naryn,Jan,20,20.14
u1502,Standard,Jalal-Abad,Mar,20,19.63
u1503,Premium,Osh,Mar,40,28.96
u1504,Standard,Bishkek,Mar,20,22.08
u1505,Standard,Naryn,Jan,20,15.91
u1506,Premium,Bishkek,Mar,40,39.47
u1507,Standard,Batken,Mar,20,17.46
u1508,Standard,Bishkek,Jan,20,17.3
u1509,Unlimited,Naryn,Mar,Unlimited,75.96
u1510,Standard,Issyk-Kul,Feb,20,14.28
u1511,Standard,Batken,Feb,20,16.07
u1512,Standard,Talas,Mar,20,15.12
u1513,Premium,Batken,Mar,40,33.64
u1514,Premium,Talas,Mar,40,36.48
u1515,Premium,Batken,Mar,40,37.66
u1516,Unlimited,Osh,Mar,Unlimited,92.77
u1517,Standard,Batken,Feb,20,21.12
u1518,Unlimited,Osh,Jan,Unlimited,80.29
u1519,Premium,Bishkek,Jan,40,44.18
u1520,Unlimited,Osh,Jan,Unlimited,60.08
u1521,Premium,Batken,Feb,40,23.88
u1522,Standard,Naryn,Feb,20,18.8
u1523,Unlimited,Batken,Feb,Unlimited,84.08
u1524,Premium,Issyk-Kul,Feb,40,30.48
u1525,Unlimited,Naryn,Jan,Unlimited,33.93
u1526,Premium,Batken,Feb,40,48.64
u1527,Standard,Talas,Mar,20,20.78
u1528,Unlimited,Talas,Mar,Unlimited,83.64
u1529,Unlimited,Batken,Jan,Unlimited,74.64
u1530,Unlimited,Naryn,Feb,Unlimited,73.31
u1531,Unlimited,Osh,Jan,Unlimited,94.13
u1532,Standard,Batken,Feb,20,18.28
u1533,Unlimited,Talas,Mar,Unlimited,75.72
u1534,Premium,Batken,Feb,40,33.84
u1535,Standard,Issyk-Kul,Feb,20,17.9
u1536,Unlimited,Talas,Mar,Unlimited,80.02
u1537,Unlimited,Talas,Mar,Unlimited,94.0
u1538,Standard,Naryn,Mar,20,16.63
u1539,Premium,Bishkek,Feb,40,31.22
u1540,Unlimited,Jalal-Abad,Feb,Unlimited,51.26
u1541,Premium,Talas,Jan,40,
u1542,Unlimited,Naryn,Jan,Unlimited,96.83
u1543,Standard,Osh,Feb,20,23.33
u1544,Standard,Naryn,Feb,20,22.04
u1545,Unlimited,Naryn,Jan,Unlimited,64.04
u1546,Standard,Batken,Feb,20,11.91
u1547,Standard,Naryn,Feb,20,21.3
u1548,Unlimited,Batken,Mar,Unlimited,53.57
u1549,Standard,Issyk-Kul,Mar,20,20.9
u1550,Unlimited,Osh,Jan,Unlimited,97.34
u1551,Unlimited,Issyk-Kul,Feb,Unlimited,68.3
u1552,Unlimited,Bishkek,Jan,Unlimited,94.12
u1553,Unlimited,Issyk-Kul,Jan,Unlimited,50.3
u1554,Premium,Jalal-Abad,Feb,40,32.68
u1555,Unlimited,Issyk-Kul,Feb,Unlimited,55.45
u1556,Unlimited,Naryn,Mar,Unlimited,50.47
u1557,Unlimited,Talas,Mar,Unlimited,51.6
u1558,Premium,Naryn,Mar,40,39.35
u1559,Standard,Bishkek,Feb,20,23.06
u1560,Standard,Batken,Jan,20,27.14
u1561,Standard,Issyk-Kul,Feb,20,15.59
u1562,Unlimited,Bishkek,Feb,Unlimited,60.44
u1563,Standard,Issyk-Kul,Feb,20,15.02
u1564,Unlimited,Batken,Feb,Unlimited,56.31
u1565,Standard,Osh,Jan,20,11.47
u1566,Premium,Issyk-Kul,Mar,40,38.21
u1567,Premium,Osh,Feb,40,32.79
u1568,Premium,Naryn,Mar,40,38.9
u1569,Premium,Issyk-Kul,Feb,40,38.83
u1570,Premium,Batken,Feb,40,35.46
u1571,Unlimited,Naryn,Mar,Unlimited,70.3
u1572,Premium,Jalal-Abad,Jan,40,30.69
u1573,Standard,Talas,Feb,20,15.77
u1574,Premium,Osh,Mar,40,44.89
u1575,Premium,Naryn,Jan,40,38.4
u1576,Premium,Talas,Feb,40,30.82
u1577,Standard,Batken,Feb,20,16.01
u1578,Standard,Batken,Mar,20,17.79
u1579,Premium,Naryn,Jan,40,36.96
u1580,Unlimited,Naryn,Mar,Unlimited,67.6
u1581,Standard,Batken,Mar,20,18.24
u1582,Standard,Jalal-Abad,Mar,20,22.63
u1583,Premium,Bishkek,Jan,40,31.2
u1584,Premium,Naryn,Mar,40,32.97
u1585,Premium,Jalal-Abad,Feb,40,36.97
u1586,Standard,Osh,Mar,20,16.31
u1587,Standard,Naryn,Jan,20,14.38
u1588,Standard,Osh,Mar,20,19.93
u1589,Standard,Issyk-Kul,Jan,20,22.94
u1590,Premium,Talas,Mar,40,39.58
u1591,Standard,Talas,Mar,20,16.32
u1592,Premium,Osh,Mar,40,
u1593,Unlimited,Naryn,Mar,Unlimited,48.61
u1594,Premium,Naryn,Feb,40,31.95
u1595,Premium,Osh,Feb,40,45.78
u1596,Unlimited,Batken,Feb,Unlimited,87.32
u1597,Premium,Osh,Jan,40,39.93
u1598,Unlimited,Batken,Mar,Unlimited,53.31
u1599,Standard,Jalal-Abad,Feb,20,19.53
u1600,Unlimited,Issyk-Kul,Jan,Unlimited,76.96
u1601,Unlimited,Batken,Feb,Unlimited,54.62
u1602,Standard,Naryn,Jan,20,18.67
u1603,Unlimited,Issyk-Kul,Jan,Unlimited,78.11
u1604,Unlimited,Talas,Mar,Unlimited,102.45
u1605,Unlimited,Batken,Mar,Unlimited,84.42
u1606,Unlimited,Jalal-Abad,Jan,Unlimited,94.5
u1607,Unlimited,Bishkek,Mar,Unlimited,34.87
u1608,Unlimited,Jalal-Abad,Jan,Unlimited,70.75
u1609,Premium,Osh,Mar,40,40.54
u1610,Standard,Talas,Mar,20,23.26
u1611,Unlimited,Issyk-Kul,Mar,Unlimited,62.38
u1612,Premium,Osh,Jan,40,39.81
u1613,Standard,Talas,Mar,20,13.01
u1614,Standard,Bishkek,Jan,20,17.09
u1615,Standard,Bishkek,Jan,20,12.31
u1616,Unlimited,Bishkek,Jan,Unlimited,70.48
u1617,Premium,Naryn,Jan,40,34.51
u1618,Unlimited,Bishkek,Mar,Unlimited,84.11
u1619,Premium,Jalal-Abad,Mar,40,31.9
u1620,Premium,Osh,Feb,40,44.21
u1621,Standard,Naryn,Mar,20,18.12
u1622,Premium,Talas,Feb,40,31.0
u1623,Premium,Bishkek,Feb,40,21.93
u1624,Premium,Batken,Feb,40,39.15
u1625,Premium,Batken,Feb,40,23.06
u1626,Unlimited,Naryn,Feb,Unlimited,71.61
u1627,Premium,Talas,Jan,40,39.91
u1628,Unlimited,Issyk-Kul,Mar,Unlimited,71.48
u1629,Premium,Osh,Feb,40,37.03
u1630,Standard,Talas,Feb,20,14.01
u1631,Unlimited,Issyk-Kul,Mar,Unlimited,65.03
u1632,Premium,Issyk-Kul,Feb,40,49.16
u1633,Premium,Talas,Jan,40,39.29
u1634,Unlimited,Bishkek,Mar,Unlimited,61.67
u1635,Premium,Osh,Mar,40,36.69
u1636,Premium,Naryn,Jan,40,42.79
u1637,Premium,Bishkek,Feb,40,26.77
u1638,Premium,Osh,Mar,40,35.39
u1639,Unlimited,Naryn,Jan,Unlimited,75.63
u1640,Standard,Issyk-Kul,Jan,20,17.72
u1641,Premium,Batken,Feb,40,29.24
u1642,Premium,Batken,Jan,40,29.59
u1643,Standard,Jalal-Abad,Mar,20,15.36
u1644,Unlimited,Issyk-Kul,Feb,Unlimited,107.07
u1645,Standard,Issyk-Kul,Jan,20,7.78
u1646,Premium,Jalal-Abad,Feb,40,25.79
u1647,Unlimited,Issyk-Kul,Feb,Unlimited,88.7
u1648,Standard,Talas,Feb,20,16.86
u1649,Unlimited,Osh,Mar,Unlimited,67.15
u1650,Unlimited,Jalal-Abad,Jan,Unlimited,91.03
u1651,Standard,Talas,Feb,20,15.38
u1652,Premium,Bishkek,Jan,40,36.73
u1653,Standard,Jalal-Abad,Feb,20,15.21
u1654,Standard,Issyk-Kul,Mar,20,17.21
u1655,Standard,Naryn,Jan,20,17.74
u1656,Standard,Osh,Mar,20,18.34
u1657,Unlimited,Osh,Jan,Unlimited,27.53
u1658,Unlimited,Talas,Jan,Unlimited,95.25
u1659,Standard,Osh,Jan,20,22.75
u1660,Premium,Naryn,Feb,40,34.62
u1661,Standard,Batken,Jan,20,19.96
u1662,Premium,Batken,Feb,40,48.78
u1663,Premium,Jalal-Abad,Feb,40,25.72
u1664,Unlimited,Bishkek,Jan,Unlimited,70.39
u1665,Unlimited,Talas,Jan,Unlimited,36.42
u1666,Unlimited,Naryn,Mar,Unlimited,54.75
u1667,Standard,Batken,Jan,20,18.47
u1668,Premium,Bishkek,Feb,40,24.86
u1669,Standard,Talas,Mar,20,16.29
u1670,Standard,Osh,Mar,20,14.91
u1671,Premium,Jalal-Abad,Mar,40,31.34
u1672,Premium,Osh,Mar,40,
u1673,Unlimited,Bishkek,Feb,Unlimited,67.96
u1674,Standard,Talas,Feb,20,16.12
u1675,Standard,Issyk-Kul,Mar,20,18.18
u1676,Standard,Issyk-Kul,Jan,20,11.37
u1677,Unlimited,Jalal-Abad,Jan,Unlimited,43.23
u1678,Premium,Bishkek,Feb,40,48.01
u1679,Premium,Osh,Mar,40,38.08
u1680,Standard,Talas,Mar,20,20.34
u1681,Standard,Jalal-Abad,Jan,20,13.25
u1682,Premium,Issyk-Kul,Feb,40,33.45
u1683,Premium,Talas,Feb,40,39.71
u1684,Premium,Talas,Jan,40,30.73
u1685,Unlimited,Jalal-Abad,Jan,Unlimited,56.25
u1686,Premium,Talas,Feb,40,36.29
u1687,Premium,Batken,Mar,40,44.14
u1688,Premium,Talas,Feb,40,35.17
u1689,Unlimited,Osh,Mar,Unlimited,63.97
u1690,Premium,Jalal-Abad,Feb,40,38.65
u1691,Standard,Batken,Mar,20,18.63
u1692,Unlimited,Naryn,Feb,Unlimited,54.48
u1693,Unlimited,Jalal-Abad,Mar,Unlimited,72.24
u1694,Standard,Osh,Mar,20,22.19
u1695,Unlimited,Osh,Mar,Unlimited,65.66
u1696,Premium,Batken,Jan,40,25.14
u1697,Standard,Bishkek,Jan,20,9.49
u1698,Unlimited,Issyk-Kul,Mar,Unlimited,79.18
u1699,Premium,Osh,Jan,40,29.13
u1700,Premium,Bishkek,Feb,40,31.85
u1701,Premium,Naryn,Feb,40,35.93
u1702,Premium,Issyk-Kul,Feb,40,39.12
u1703,Premium,Bishkek,Jan,40,29.38
u1704,Unlimited,Issyk-Kul,Jan,Unlimited,64.78
u1705,Standard,Naryn,Mar,20,19.67
u1706,Standard,Batken,Feb,20,24.65
u1707,Premium,Batken,Mar,40,32.97
u1708,Unlimited,Osh,Jan,Unlimited,79.4
u1709,Standard,Osh,Feb,20,18.96
u1710,Standard,Batken,Feb,20,23.51
u1711,Unlimited,Bishkek,Jan,Unlimited,87.52
u1712,Unlimited,Osh,Mar,Unlimited,65.15
u1713,Unlimited,Issyk-Kul,Mar,Unlimited,52.08
u1714,Premium,Bishkek,Jan,40,32.36
u1715,Standard,Batken,Mar,20,20.59
u1716,Premium,Issyk-Kul,Mar,40,31.03
u1717,Unlimited,Batken,Feb,Unlimited,79.92
u1718,Premium,Talas,Jan,40,14.74
u1719,Unlimited,Batken,Mar,Unlimited,82.63
u1720,Premium,Jalal-Abad,Feb,40,30.42
u1721,Unlimited,Batken,Feb,Unlimited,
u1722,Standard,Issyk-Kul,Jan,20,22.55
u1723,Unlimited,Jalal-Abad,Jan,Unlimited,90.45
u1724,Premium,Naryn,Jan,40,30.6
u1725,Unlimited,Naryn,Mar,Unlimited,108.72
u1726,Premium,Jalal-Abad,Jan,40,29.78
u1727,Premium,Jalal-Abad,Feb,40,33.32
u1728,Standard,Naryn,Jan,20,18.83
u1729,Premium,Talas,Mar,40,28.46
u1730,Unlimited,Issyk-Kul,Feb,Unlimited,71.27
u1731,Premium,Issyk-Kul,Mar,40,20.94
u1732,Standard,Jalal-Abad,Jan,20,15.75
u1733,Standard,Issyk-Kul,Jan,20,23.05
u1734,Premium,Osh,Mar,40,19.95
u1735,Premium,Jalal-Abad,Jan,40,46.05
u1736,Unlimited,Talas,Feb,Unlimited,82.85
u1737,Unlimited,Issyk-Kul,Jan,Unlimited,88.26
u1738,Unlimited,Talas,Feb,Unlimited,47.95
u1739,Unlimited,Naryn,Feb,Unlimited,78.84
u1740,Standard,Bishkek,Feb,20,23.61
u1741,Standard,Bishkek,Mar,20,12.31
u1742,Standard,Osh,Jan,20,20.83
u1743,Standard,Bishkek,Jan,20,17.11
u1744,Premium,Jalal-Abad,Jan,40,41.97
u1745,Premium,Jalal-Abad,Mar,40,29.56
u1746,Unlimited,Issyk-Kul,Jan,Unlimited,92.59
u1747,Unlimited,Talas,Mar,Unlimited,80.84
u1748,Standard,Talas,Jan,20,19.15
u1749,Premium,Jalal-Abad,Feb,40,40.61
u1750,Unlimited,Batken,Jan,Unlimited,77.33
u1751,Unlimited,Jalal-Abad,Mar,Unlimited,66.05
u1752,Premium,Jalal-Abad,Feb,40,32.33
u1753,Unlimited,Batken,Feb,Unlimited,64.13
u1754,Premium,Issyk-Kul,Mar,40,21.42
u1755,Standard,Issyk-Kul,Jan,20,17.54
u1756,Unlimited,Issyk-Kul,Mar,Unlimited,43.68
u1757,Standard,Osh,Mar,20,20.85
u1758,Standard,Batken,Mar,20,21.23
u1759,Premium,Jalal-Abad,Feb,40,30.44
u1760,Standard,Naryn,Feb,20,16.85
u1761,Premium,Bishkek,Feb,40,42.57
u1762,Standard,Batken,Mar,20,15.22
u1763,Premium,Osh,Mar,40,35.66
u1764,Standard,Jalal-Abad,Mar,20,17.0
u1765,Standard,Batken,Feb,20,16.15
u1766,Premium,Jalal-Abad,Feb,40,38.76
u1767,Unlimited,Bishkek,Feb,Unlimited,55.33
u1768,Standard,Talas,Feb,20,19.32
u1769,Standard,Talas,Feb,20,17.29
u1770,Standard,Batken,Jan,20,20.0
u1771,Premium,Talas,Jan,40,34.91
u1772,Unlimited,Naryn,Feb,Unlimited,58.77
u1773,Standard,Jalal-Abad,Feb,20,16.42
u1774,Premium,Issyk-Kul,Mar,40,46.03
u1775,Premium,Issyk-Kul,Feb,40,38.53
u1776,Unlimited,Naryn,Feb,Unlimited,92.53
u1777,Unlimited,Issyk-Kul,Mar,Unlimited,60.89
u1778,Standard,Bishkek,Jan,20,16.58
u1779,Premium,Talas,Mar,40,34.97
u1780,Standard,Naryn,Feb,20,17.31
u1781,Unlimited,Jalal-Abad,Feb,Unlimited,90.33
u1782,Unlimited,Talas,Mar,Unlimited,64.29
u1783,Standard,Osh,Mar,20,20.14
u1784,Standard,Bishkek,Jan,20,19.83
u1785,Standard,Jalal-Abad,Jan,20,15.28
u1786,Unlimited,Bishkek,Mar,Unlimited,68.66
u1787,Premium,Naryn,Mar,40,43.82
u1788,Premium,Osh,Feb,40,26.42
u1789,Standard,Bishkek,Feb,20,17.62
u1790,Standard,Naryn,Jan,20,16.3
u1791,Unlimited,Naryn,Jan,Unlimited,65.54
u1792,Standard,Naryn,Jan,20,12.59
u1793,Premium,Jalal-Abad,Jan,40,41.43
u1794,Unlimited,Osh,Mar,Unlimited,62.92
u1795,Unlimited,Osh,Mar,Unlimited,79.88
u1796,Standard,Jalal-Abad,Feb,20,16.32
u1797,Standard,Osh,Mar,20,21.81
u1798,Standard,Osh,Jan,20,13.95
u1799,Standard,Jalal-Abad,Feb,20,7.13
u1800,Premium,Osh,Feb,40,
u1801,Premium,Naryn,Jan,40,38.3
u1802,Unlimited,Issyk-Kul,Mar,Unlimited,69.34
u1803,Unlimited,Bishkek,Feb,Unlimited,66.6
u1804,Unlimited,Jalal-Abad,Jan,Unlimited,34.14
u1805,Unlimited,Issyk-Kul,Jan,Unlimited,80.79
u1806,Unlimited,Bishkek,Mar,Unlimited,
u1807,Standard,Batken,Mar,20,20.45
u1808,Unlimited,Issyk-Kul,Mar,Unlimited,69.79
u1809,Unlimited,Osh,Jan,Unlimited,61.67
u1810,Unlimited,Issyk-Kul,Feb,Unlimited,79.83
u1811,Standard,Jalal-Abad,Jan,20,19.86
u1812,Premium,Naryn,Jan,40,44.76
u1813,Premium,Talas,Jan,40,43.59
u1814,Unlimited,Batken,Jan,Unlimited,65.8
u1815,Standard,Jalal-Abad,Mar,20,13.42
u1816,Premium,Naryn,Feb,40,44.0
u1817,Standard,Bishkek,Mar,20,14.65
u1818,Unlimited,Batken,Jan,Unlimited,88.44
u1819,Premium,Naryn,Jan,40,25.24
u1820,Premium,Naryn,Mar,40,
u1821,Unlimited,Jalal-Abad,Jan,Unlimited,44.82
u1822,Standard,Osh,Jan,20,16.58
u1823,Premium,Talas,Jan,40,37.83
u1824,Premium,Osh,Mar,40,36.66
u1825,Premium,Batken,Feb,40,28.5
u1826,Unlimited,Naryn,Feb,Unlimited,98.55
u1827,Premium,Naryn,Feb,40,34.4
u1828,Standard,Batken,Mar,20,17.8
u1829,Premium,Talas,Jan,40,
u1830,Premium,Osh,Mar,40,44.0
u1831,Premium,Naryn,Feb,40,41.9
u1832,Unlimited,Osh,Feb,Unlimited,74.51
u1833,Unlimited,Talas,Mar,Unlimited,89.73
u1834,Unlimited,Jalal-Abad,Jan,Unlimited,97.68
u1835,Standard,Issyk-Kul,Mar,20,13.06
u1836,Premium,Naryn,Mar,40,34.45
u1837,Premium,Talas,Jan,40,39.34
u1838,Standard,Issyk-Kul,Feb,20,21.55
u1839,Unlimited,Talas,Feb,Unlimited,70.1
u1840,Premium,Issyk-Kul,Mar,40,43.1
u1841,Standard,Naryn,Mar,20,23.3
u1842,Unlimited,Naryn,Mar,Unlimited,71.41
u1843,Premium,Batken,Jan,40,31.1
u1844,Unlimited,Naryn,Jan,Unlimited,81.44
u1845,Premium,Naryn,Feb,40,30.16
u1846,Unlimited,Naryn,Mar,Unlimited,90.4
u1847,Unlimited,Issyk-Kul,Feb,Unlimited,90.04
u1848,Standard,Osh,Feb,20,15.72
u1849,Standard,Batken,Jan,20,14.42
u1850,Premium,Talas,Mar,40,28.04
u1851,Premium,Bishkek,Mar,40,34.81
u1852,Premium,Bishkek,Mar,40,33.59
u1853,Unlimited,Osh,Mar,Unlimited,74.09
u1854,Unlimited,Naryn,Feb,Unlimited,71.05
u1855,Premium,Osh,Feb,40,50.74
u1856,Premium,Talas,Feb,40,30.0
u1857,Standard,Osh,Jan,20,16.31
u1858,Unlimited,Bishkek,Feb,Unlimited,48.7
u1859,Premium,Bishkek,Mar,40,31.95
u1860,Premium,Issyk-Kul,Feb,40,40.12
u1861,Standard,Batken,Jan,20,10.18
u1862,Unlimited,Bishkek,Jan,Unlimited,53.76
u1863,Premium,Naryn,Mar,40,40.23
u1864,Premium,Issyk-Kul,Feb,40,
u1865,Premium,Talas,Mar,40,35.53
u1866,Premium,Naryn,Feb,40,31.86
u1867,Premium,Talas,Feb,40,43.04
u1868,Standard,Talas,Mar,20,19.1
u1869,Standard,Issyk-Kul,Mar,20,18.69
u1870,Premium,Naryn,Feb,40,28.17
u1871,Standard,Naryn,Jan,20,27.04
u1872,Unlimited,Batken,Feb,Unlimited,49.46
u1873,Standard,Bishkek,Jan,20,25.54
u1874,Premium,Osh,Jan,40,38.96
u1875,Premium,Talas,Feb,40,36.4
u1876,Standard,Talas,Jan,20,17.43
u1877,Unlimited,Osh,Jan,Unlimited,66.43
u1878,Unlimited,Jalal-Abad,Jan,Unlimited,70.68
u1879,Standard,Bishkek,Feb,20,18.17
u1880,Premium,Osh,Feb,40,33.63
u1881,Unlimited,Jalal-Abad,Jan,Unlimited,67.4
u1882,Premium,Jalal-Abad,Feb,40,28.04
u1883,Standard,Issyk-Kul,Mar,20,28.12
u1884,Premium,Naryn,Mar,40,38.55
u1885,Unlimited,Talas,Feb,Unlimited,48.28
u1886,Standard,Talas,Feb,20,21.15
u1887,Unlimited,Naryn,Mar,Unlimited,73.27
u1888,Standard,Bishkek,Jan,20,20.76
u1889,Standard,Batken,Mar,20,17.18
u1890,Unlimited,Jalal-Abad,Feb,Unlimited,69.84
u1891,Premium,Jalal-Abad,Jan,40,32.28
u1892,Unlimited,Jalal-Abad,Jan,Unlimited,87.63
u1893,Premium,Talas,Jan,40,36.74
u1894,Premium,Jalal-Abad,Jan,40,37.84
u1895,Unlimited,Talas,Feb,Unlimited,
u1896,Unlimited,Osh,Mar,Unlimited,64.48
u1897,Unlimited,Issyk-Kul,Jan,Unlimited,93.81
u1898,Premium,Jalal-Abad,Mar,40,27.65
u1899,Standard,Talas,Mar,20,16.86
u1900,Unlimited,Bishkek,Jan,Unlimited,35.99
u1901,Unlimited,Osh,Feb,Unlimited,55.07
u1902,Standard,Osh,Mar,20,15.64
u1903,Premium,Jalal-Abad,Feb,40,32.4
u1904,Standard,Jalal-Abad,Mar,20,15.4
u1905,Standard,Jalal-Abad,Jan,20,13.39
u1906,Unlimited,Batken,Mar,Unlimited,58.4
u1907,Premium,Issyk-Kul,Feb,40,36.67
u1908,Standard,Bishkek,Feb,20,14.9
u1909,Standard,Osh,Jan,20,13.48
u1910,Premium,Osh,Jan,40,23.81
u1911,Standard,Bishkek,Jan,20,12.18
u1912,Standard,Issyk-Kul,Jan,20,16.86
u1913,Standard,Talas,Mar,20,15.96
u1914,Standard,Naryn,Feb,20,19.14
u1915,Standard,Jalal-Abad,Jan,20,28.41
u1916,Premium,Batken,Jan,40,35.15
u1917,Premium,Talas,Jan,40,37.24
u1918,Premium,Osh,Feb,40,38.13
u1919,Standard,Osh,Feb,20,24.37
u1920,Standard,Osh,Feb,20,12.98
u1921,Unlimited,Bishkek,Mar,Unlimited,71.04
u1922,Standard,Naryn,Jan,20,12.98
u1923,Unlimited,Issyk-Kul,Mar,Unlimited,79.33
u1924,Premium,Talas,Mar,40,35.67
u1925,Unlimited,Jalal-Abad,Feb,Unlimited,72.87
u1926,Unlimited,Issyk-Kul,Mar,Unlimited,70.89
u1927,Standard,Naryn,Jan,20,20.42
u1928,Standard,Talas,Mar,20,17.19
u1929,Premium,Jalal-Abad,Jan,40,35.5
u1930,Standard,Osh,Feb,20,15.41
u1931,Standard,Osh,Jan,20,16.38
u1932,Unlimited,Talas,Jan,Unlimited,58.83
u1933,Premium,Bishkek,Mar,40,30.21
u1934,Unlimited,Issyk-Kul,Jan,Unlimited,78.78
u1935,Unlimited,Talas,Feb,Unlimited,67.14
u1936,Standard,Bishkek,Jan,20,12.6
u1937,Standard,Naryn,Jan,20,14.65
u1938,Standard,Osh,Mar,20,16.5
u1939,Unlimited,Issyk-Kul,Mar,Unlimited,45.79
u1940,Standard,Issyk-Kul,Mar,20,15.42
u1941,Premium,Issyk-Kul,Mar,40,44.04
u1942,Standard,Issyk-Kul,Jan,20,24.05
u1943,Unlimited,Talas,Feb,Unlimited,100.66
u1944,Standard,Bishkek,Mar,20,17.44
u1945,Premium,Jalal-Abad,Feb,40,34.21
u1946,Standard,Osh,Jan,20,18.97
u1947,Unlimited,Issyk-Kul,Jan,Unlimited,49.63
u1948,Premium,Batken,Feb,40,34.11
u1949,Standard,Issyk-Kul,Mar,20,24.14
u1950,Unlimited,Osh,Feb,Unlimited,
u1951,Standard,Osh,Feb,20,17.77
u1952,Standard,Talas,Mar,20,14.05
u1953,Premium,Osh,Jan,40,17.2
u1954,Unlimited,Issyk-Kul,Feb,Unlimited,92.86
u1955,Premium,Issyk-Kul,Feb,40,40.26
u1956,Premium,Jalal-Abad,Feb,40,33.85
u1957,Unlimited,Batken,Feb,Unlimited,56.69
u1958,Premium,Jalal-Abad,Jan,40,37.27
u1959,Premium,Issyk-Kul,Jan,40,37.54
u1960,Standard,Naryn,Feb,20,19.81
u1961,Standard,Bishkek,Mar,20,26.64
u1962,Unlimited,Issyk-Kul,Feb,Unlimited,51.24
u1963,Premium,Talas,Jan,40,42.54
u1964,Premium,Naryn,Mar,40,21.21
u1965,Premium,Osh,Jan,40,49.58
u1966,Premium,Osh,Feb,40,33.53
u1967,Standard,Issyk-Kul,Feb,20,16.14
u1968,Standard,Talas,Jan,20,17.51
u1969,Premium,Batken,Jan,40,29.85
u1970,Premium,Bishkek,Jan,40,28.9
u1971,Standard,Osh,Jan,20,20.81
u1972,Standard,Osh,Jan,20,15.76
u1973,Unlimited,Talas,Feb,Unlimited,85.89
u1974,Unlimited,Issyk-Kul,Mar,Unlimited,82.48
u1975,Premium,Osh,Jan,40,35.78
u1976,Premium,Talas,Jan,40,40.15
u1977,Premium,Talas,Mar,40,44.64
u1978,Unlimited,Osh,Jan,Unlimited,92.66
u1979,Standard,Talas,Feb,20,17.02
u1980,Premium,Issyk-Kul,Jan,40,37.24
u1981,Premium,Jalal-Abad,Feb,40,32.35
u1982,Unlimited,Naryn,Mar,Unlimited,79.4
u1983,Premium,Osh,Mar,40,32.81
u1984,Standard,Bishkek,Feb,20,20.37
u1985,Unlimited,Talas,Jan,Unlimited,85.79
u1986,Unlimited,Talas,Jan,Unlimited,83.48
u1987,Premium,Jalal-Abad,Jan,40,44.81
u1988,Standard,Jalal-Abad,Feb,20,14.5
u1989,Unlimited,Talas,Mar,Unlimited,52.66
u1990,Unlimited,Jalal-Abad,Feb,Unlimited,99.21
u1991,Premium,Osh,Mar,40,18.89
u1992,Premium,Osh,Mar,40,29.4
u1993,Premium,Naryn,Feb,40,43.5
u1994,Unlimited,Batken,Jan,Unlimited,73.72
u1995,Premium,Batken,Mar,40,28.56
u1996,Premium,Osh,Jan,40,24.71
u1997,Unlimited,Jalal-Abad,Jan,Unlimited,45.87
u1998,Premium,Batken,Mar,40,30.68
u1999,Premium,Issyk-Kul,Feb,40,38.86
u2000,Unlimited,Issyk-Kul,Mar,Unlimited,74.97
u2001,Premium,Talas,Mar,40,44.25
u2002,Premium,Jalal-Abad,Mar,40,30.96
u2003,Standard,Osh,Feb,20,17.59
u2004,Premium,Issyk-Kul,Jan,40,32.67
u2005,Premium,Jalal-Abad,Mar,40,24.18
u2006,Standard,Issyk-Kul,Feb,20,19.83
u2007,Standard,Bishkek,Feb,20,15.13
u2008,Unlimited,Talas,Mar,Unlimited,52.95
u2009,Premium,Naryn,Jan,40,25.12
u2010,Standard,Issyk-Kul,Feb,20,17.42
u2011,Standard,Jalal-Abad,Feb,20,26.92
u2012,Premium,Osh,Feb,40,31.69
u2013,Unlimited,Jalal-Abad,Mar,Unlimited,76.98
u2014,Premium,Naryn,Jan,40,40.21
u2015,Standard,Naryn,Jan,20,17.13
u2016,Unlimited,Osh,Jan,Unlimited,56.13
u2017,Premium,Issyk-Kul,Feb,40,41.34
u2018,Premium,Jalal-Abad,Feb,40,36.51
u2019,Premium,Osh,Mar,40,22.75
u2020,Premium,Batken,Jan,40,44.82
u2021,Standard,Bishkek,Feb,20,19.28
u2022,Standard,Talas,Mar,20,20.59
u2023,Standard,Jalal-Abad,Jan,20,13.58
u2024,Premium,Naryn,Jan,40,26.71
u2025,Unlimited,Bishkek,Jan,Unlimited,52.74
u2026,Standard,Batken,Mar,20,20.74
u2027,Standard,Batken,Jan,20,22.77
u2028,Standard,Naryn,Mar,20,14.55
u2029,Premium,Osh,Feb,40,36.41
u2030,Standard,Osh,Jan,20,19.23
u2031,Standard,Talas,Mar,20,13.09
u2032,Premium,Bishkek,Feb,40,29.71
u2033,Unlimited,Naryn,Feb,Unlimited,30.98
u2034,Premium,Osh,Mar,40,28.73
u2035,Premium,Jalal-Abad,Mar,40,25.32
u2036,Standard,Batken,Feb,20,22.71
u2037,Unlimited,Issyk-Kul,Feb,Unlimited,77.18
u2038,Standard,Jalal-Abad,Feb,20,19.93
u2039,Premium,Issyk-Kul,Feb,40,45.25
u2040,Premium,Jalal-Abad,Jan,40,34.89
u2041,Standard,Bishkek,Jan,20,16.39
u2042,Premium,Osh,Feb,40,29.49
u2043,Premium,Talas,Feb,40,33.54
u2044,Premium,Naryn,Feb,40,30.26
u2045,Unlimited,Issyk-Kul,Feb,Unlimited,
u2046,Unlimited,Batken,Mar,Unlimited,70.2
u2047,Unlimited,Talas,Mar,Unlimited,59.37
u2048,Premium,Batken,Feb,40,34.91
u2049,Standard,Bishkek,Mar,20,17.81
u2050,Premium,Talas,Feb,40,17.11
u2051,Unlimited,Talas,Mar,Unlimited,78.68
u2052,Unlimited,Batken,Jan,Unlimited,92.86
u2053,Standard,Bishkek,Jan,20,21.6
u2054,Premium,Talas,Feb,40,45.94
u2055,Unlimited,Jalal-Abad,Jan,Unlimited,59.31
u2056,Standard,Osh,Feb,20,17.9
u2057,Unlimited,Batken,Jan,Unlimited,73.06
u2058,Unlimited,Jalal-Abad,Jan,Unlimited,65.24
u2059,Premium,Naryn,Jan,40,34.47
u2060,Premium,Osh,Feb,40,29.99
u2061,Premium,Issyk-Kul,Jan,40,32.45
u2062,Standard,Osh,Feb,20,16.93
u2063,Unlimited,Issyk-Kul,Feb,Unlimited,60.81
u2064,Unlimited,Osh,Jan,Unlimited,72.9
u2065,Standard,Bishkek,Feb,20,10.41
u2066,Standard,Jalal-Abad,Jan,20,19.73
u2067,Premium,Naryn,Mar,40,39.77
u2068,Unlimited,Jalal-Abad,Feb,Unlimited,
u2069,Standard,Jalal-Abad,Mar,20,21.36
u2070,Standard,Bishkek,Jan,20,18.1
u2071,Premium,Jalal-Abad,Mar,40,27.26
u2072,Premium,Jalal-Abad,Feb,40,37.45
u2073,Standard,Osh,Mar,20,23.42
u2074,Premium,Bishkek,Feb,40,42.05
u2075,Premium,Issyk-Kul,Feb,40,33.61
u2076,Standard,Jalal-Abad,Jan,20,15.68
u2077,Premium,Naryn,Mar,40,41.37
u2078,Unlimited,Issyk-Kul,Jan,Unlimited,53.88
u2079,Unlimited,Batken,Feb,Unlimited,72.13
u2080,Unlimited,Naryn,Jan,Unlimited,66.32
u2081,Standard,Naryn,Jan,20,15.42
u2082,Premium,Bishkek,Mar,40,28.98
u2083,Standard,Jalal-Abad,Jan,20,15.44
u2084,Standard,Osh,Mar,20,16.16
u2085,Standard,Issyk-Kul,Feb,20,17.01
u2086,Premium,Jalal-Abad,Mar,40,32.49
u2087,Premium,Batken,Mar,40,31.22
u2088,Standard,Jalal-Abad,Jan,20,11.19
u2089,Standard,Osh,Mar,20,18.51
u2090,Standard,Bishkek,Feb,20,20.12
u2091,Premium,Talas,Feb,40,35.85
u2092,Unlimited,Bishkek,Jan,Unlimited,46.14
u2093,Premium,Naryn,Mar,40,36.81
u2094,Premium,Batken,Mar,40,33.09
u2095,Premium,Batken,Jan,40,
u2096,Premium,Issyk-Kul,Jan,40,33.84
u2097,Unlimited,Bishkek,Mar,Unlimited,78.69
u2098,Standard,Naryn,Mar,20,18.02
u2099,Unlimited,Osh,Mar,Unlimited,68.8
u2100,Standard,Osh,Jan,20,15.75
u2101,Unlimited,Bishkek,Mar,Unlimited,69.78
u2102,Standard,Jalal-Abad,Mar,20,17.32
u2103,Unlimited,Osh,Jan,Unlimited,70.47
u2104,Unlimited,Issyk-Kul,Feb,Unlimited,49.4
u2105,Unlimited,Naryn,Mar,Unlimited,67.38
u2106,Standard,Osh,Feb,20,19.02
u2107,Premium,Naryn,Mar,40,40.73
u2108,Premium,Batken,Mar,40,42.3
u2109,Standard,Osh,Feb,20,17.64
u2110,Unlimited,Issyk-Kul,Jan,Unlimited,81.22
u2111,Standard,Issyk-Kul,Jan,20,12.57
u2112,Unlimited,Batken,Mar,Unlimited,61.67
u2113,Standard,Batken,Mar,20,15.03
u2114,Standard,Osh,Feb,20,14.9
u2115,Standard,Batken,Jan,20,19.14
u2116,Premium,Naryn,Mar,40,28.25
u2117,Standard,Batken,Mar,20,16.27
u2118,Standard,Bishkek,Jan,20,18.72
u2119,Standard,Jalal-Abad,Feb,20,14.07
u2120,Premium,Naryn,Jan,40,35.1
u2121,Standard,Jalal-Abad,Jan,20,16.67
u2122,Unlimited,Osh,Jan,Unlimited,70.57
u2123,Premium,Issyk-Kul,Feb,40,19.66
u2124,Premium,Osh,Jan,40,36.74
u2125,Premium,Talas,Feb,40,34.54
u2126,Standard,Batken,Feb,20,17.93
u2127,Premium,Jalal-Abad,Jan,40,38.39
u2128,Premium,Jalal-Abad,Feb,40,36.74
u2129,Unlimited,Issyk-Kul,Mar,Unlimited,53.39
u2130,Unlimited,Talas,Mar,Unlimited,77.79
u2131,Unlimited,Naryn,Mar,Unlimited,72.84
u2132,Premium,Batken,Jan,40,29.2
u2133,Standard,Issyk-Kul,Mar,20,17.72
u2134,Unlimited,Bishkek,Mar,Unlimited,59.85
u2135,Unlimited,Naryn,Mar,Unlimited,68.99
u2136,Unlimited,Talas,Mar,Unlimited,80.11
u2137,Premium,Jalal-Abad,Feb,40,25.44
u2138,Standard,Naryn,Feb,20,19.94
u2139,Unlimited,Batken,Mar,Unlimited,95.75
u2140,Standard,Bishkek,Feb,20,23.76
u2141,Standard,Talas,Mar,20,18.66
u2142,Standard,Issyk-Kul,Jan,20,22.03
u2143,Premium,Jalal-Abad,Jan,40,43.04
u2144,Standard,Jalal-Abad,Mar,20,17.3
u2145,Standard,Issyk-Kul,Mar,20,19.2
u2146,Standard,Naryn,Feb,20,18.17
u2147,Unlimited,Osh,Feb,Unlimited,58.57
u2148,Premium,Bishkek,Jan,40,
u2149,Unlimited,Jalal-Abad,Mar,Unlimited,84.17
u2150,Standard,Batken,Mar,20,15.91
u2151,Premium,Talas,Feb,40,31.19
u2152,Standard,Jalal-Abad,Mar,20,23.18
u2153,Standard,Bishkek,Mar,20,18.75
u2154,Premium,Bishkek,Jan,40,
u2155,Standard,Osh,Feb,20,17.0
u2156,Premium,Jalal-Abad,Feb,40,37.63
u2157,Premium,Talas,Mar,40,38.56
u2158,Unlimited,Talas,Mar,Unlimited,77.46
u2159,Standard,Naryn,Mar,20,15.73
u2160,Unlimited,Bishkek,Jan,Unlimited,66.26
u2161,Premium,Jalal-Abad,Jan,40,33.04
u2162,Standard,Talas,Mar,20,21.7
u2163,Premium,Naryn,Jan,40,36.43
u2164,Premium,Osh,Jan,40,40.33
u2165,Premium,Issyk-Kul,Jan,40,33.16
u2166,Premium,Bishkek,Jan,40,29.39
u2167,Standard,Naryn,Jan,20,18.37
u2168,Premium,Osh,Mar,40,34.88
u2169,Unlimited,Batken,Mar,Unlimited,59.68
u2170,Premium,Naryn,Feb,40,42.7
u2171,Standard,Osh,Mar,20,18.24
u2172,Unlimited,Osh,Jan,Unlimited,62.91
u2173,Premium,Jalal-Abad,Mar,40,38.13
u2174,Standard,Jalal-Abad,Feb,20,12.29
u2175,Standard,Talas,Mar,20,24.55
u2176,Premium,Jalal-Abad,Jan,40,42.96
u2177,Unlimited,Osh,Jan,Unlimited,60.3
u2178,Unlimited,Osh,Jan,Unlimited,88.1
u2179,Premium,Naryn,Mar,40,33.16
u2180,Unlimited,Talas,Mar,Unlimited,57.1
u2181,Premium,Bishkek,Mar,40,40.03
u2182,Unlimited,Talas,Feb,Unlimited,95.19
u2183,Standard,Osh,Jan,20,12.64
u2184,Unlimited,Jalal-Abad,Jan,Unlimited,75.59
u2185,Unlimited,Batken,Jan,Unlimited,83.15
u2186,Standard,Osh,Feb,20,19.5
u2187,Standard,Jalal-Abad,Mar,20,16.68
u2188,Unlimited,Osh,Mar,Unlimited,67.05
u2189,Standard,Batken,Jan,20,21.22
u2190,Standard,Batken,Mar,20,16.8
u2191,Standard,Bishkek,Jan,20,11.73
u2192,Premium,Talas,Feb,40,32.11
u2193,Standard,Osh,Feb,20,20.19
u2194,Unlimited,Issyk-Kul,Feb,Unlimited,89.84
u2195,Premium,Talas,Feb,40,36.66
u2196,Standard,Osh,Feb,20,16.81
u2197,Unlimited,Jalal-Abad,Jan,Unlimited,105.55
u2198,Premium,Jalal-Abad,Jan,40,32.05
u2199,Premium,Naryn,Jan,40,31.17
u2200,Standard,Jalal-Abad,Jan,20,14.58
u2201,Premium,Talas,Mar,40,28.86
u2202,Standard,Osh,Jan,20,15.55
u2203,Premium,Jalal-Abad,Feb,40,31.2
u2204,Premium,Osh,Mar,40,35.77
u2205,Standard,Talas,Feb,20,15.65
u2206,Unlimited,Jalal-Abad,Jan,Unlimited,
u2207,Standard,Bishkek,Feb,20,24.24
u2208,Premium,Issyk-Kul,Feb,40,35.14
u2209,Unlimited,Bishkek,Jan,Unlimited,71.66
u2210,Unlimited,Jalal-Abad,Feb,Unlimited,82.32
u2211,Standard,Batken,Mar,20,15.79
u2212,Premium,Naryn,Jan,40,37.68
u2213,Premium,Talas,Feb,40,43.68
u2214,Standard,Osh,Feb,20,19.27
u2215,Unlimited,Talas,Feb,Unlimited,59.65
u2216,Standard,Naryn,Jan,20,20.05
u2217,Premium,Naryn,Jan,40,35.71
u2218,Premium,Osh,Mar,40,25.69
u2219,Standard,Bishkek,Feb,20,15.78
u2220,Unlimited,Osh,Mar,Unlimited,92.76
u2221,Unlimited,Naryn,Mar,Unlimited,116.79
u2222,Unlimited,Osh,Mar,Unlimited,87.56
u2223,Unlimited,Osh,Mar,Unlimited,65.73
u2224,Premium,Naryn,Feb,40,35.78
u2225,Unlimited,Talas,Mar,Unlimited,72.41
u2226,Premium,Jalal-Abad,Jan,40,31.06
u2227,Standard,Issyk-Kul,Jan,20,17.9
u2228,Unlimited,Bishkek,Feb,Unlimited,53.75
u2229,Standard,Naryn,Mar,20,17.2
u2230,Standard,Osh,Feb,20,17.91
u2231,Standard,Talas,Mar,20,18.2
u2232,Unlimited,Osh,Mar,Unlimited,68.55
u2233,Unlimited,Talas,Mar,Unlimited,63.33
u2234,Premium,Talas,Mar,40,34.83
u2235,Unlimited,Osh,Jan,Unlimited,59.67
u2236,Standard,Naryn,Feb,20,14.91
u2237,Unlimited,Osh,Feb,Unlimited,60.16
u2238,Premium,Jalal-Abad,Mar,40,37.6
u2239,Premium,Naryn,Mar,40,28.09
u2240,Premium,Batken,Jan,40,26.76
u2241,Premium,Issyk-Kul,Mar,40,29.85
u2242,Premium,Issyk-Kul,Jan,40,35.7
u2243,Unlimited,Batken,Feb,Unlimited,62.14
u2244,Unlimited,Jalal-Abad,Jan,Unlimited,81.13
u2245,Unlimited,Jalal-Abad,Jan,Unlimited,
u2246,Unlimited,Osh,Jan,Unlimited,81.39
u2247,Standard,Talas,Feb,20,7.49
u2248,Unlimited,Osh,Jan,Unlimited,116.49
u2249,Premium,Batken,Jan,40,38.48
u2250,Standard,Naryn,Mar,20,19.33
u2251,Unlimited,Talas,Feb,Unlimited,70.2
u2252,Premium,Issyk-Kul,Jan,40,26.8
u2253,Standard,Naryn,Mar,20,12.68
u2254,Unlimited,Naryn,Jan,Unlimited,84.0
u2255,Unlimited,Naryn,Mar,Unlimited,76.35
u2256,Standard,Issyk-Kul,Jan,20,22.56
u2257,Premium,Talas,Mar,40,34.34
u2258,Unlimited,Osh,Mar,Unlimited,60.91
u2259,Standard,Batken,Jan,20,19.15
u2260,Unlimited,Talas,Feb,Unlimited,68.2
u2261,Unlimited,Osh,Jan,Unlimited,57.75
u2262,Premium,Osh,Mar,40,33.91
u2263,Unlimited,Issyk-Kul,Jan,Unlimited,65.23
u2264,Standard,Talas,Mar,20,18.43
u2265,Premium,Batken,Feb,40,25.69
u2266,Standard,Talas,Jan,20,19.62
u2267,Premium,Issyk-Kul,Jan,40,33.38
u2268,Premium,Jalal-Abad,Feb,40,35.36
u2269,Premium,Bishkek,Feb,40,28.88
u2270,Premium,Naryn,Mar,40,33.3
u2271,Standard,Talas,Mar,20,18.4
u2272,Standard,Issyk-Kul,Feb,20,19.47
u2273,Premium,Jalal-Abad,Jan,40,41.03
u2274,Standard,Bishkek,Mar,20,23.31
u2275,Standard,Issyk-Kul,Feb,20,16.04
u2276,Standard,Batken,Mar,20,16.55
u2277,Standard,Jalal-Abad,Jan,20,21.33
u2278,Unlimited,Talas,Jan,Unlimited,
u2279,Premium,Osh,Jan,40,44.74
u2280,Unlimited,Jalal-Abad,Feb,Unlimited,40.24
u2281,Premium,Batken,Feb,40,34.52
u2282,Standard,Jalal-Abad,Mar,20,14.21
u2283,Premium,Batken,Mar,40,36.63
u2284,Premium,Osh,Mar,40,25.05
u2285,Standard,Issyk-Kul,Jan,20,16.45
u2286,Standard,Bishkek,Feb,20,14.67
u2287,Unlimited,Talas,Mar,Unlimited,72.73
u2288,Standard,Osh,Feb,20,16.59
u2289,Unlimited,Naryn,Jan,Unlimited,59.0
u2290,Premium,Talas,Jan,40,28.32
u2291,Premium,Issyk-Kul,Mar,40,38.17
u2292,Unlimited,Naryn,Feb,Unlimited,30.2
u2293,Standard,Talas,Mar,20,15.43
u2294,Unlimited,Bishkek,Mar,Unlimited,46.26
u2295,Standard,Issyk-Kul,Jan,20,9.81
u2296,Premium,Bishkek,Jan,40,46.19
u2297,Standard,Bishkek,Mar,20,20.73
u2298,Premium,Naryn,Mar,40,41.37
u2299,Unlimited,Batken,Feb,Unlimited,87.28
u2300,Premium,Osh,Jan,40,31.21
u2301,Standard,Issyk-Kul,Mar,20,18.09
u2302,Unlimited,Batken,Mar,Unlimited,57.48
u2303,Premium,Issyk-Kul,Feb,40,
u2304,Unlimited,Bishkek,Jan,Unlimited,93.98
u2305,Unlimited,Bishkek,Jan,Unlimited,64.28
u2306,Standard,Bishkek,Feb,20,17.64
u2307,Standard,Talas,Jan,20,15.04
u2308,Standard,Talas,Jan,20,21.36
u2309,Standard,Batken,Jan,20,22.55
u2310,Standard,Issyk-Kul,Feb,20,13.61
u2311,Standard,Talas,Mar,20,17.37
u2312,Premium,Issyk-Kul,Mar,40,37.76
u2313,Standard,Naryn,Mar,20,21.97
u2314,Standard,Jalal-Abad,Mar,20,17.26
u2315,Standard,Osh,Feb,20,20.36
u2316,Unlimited,Bishkek,Mar,Unlimited,86.99
u2317,Unlimited,Batken,Mar,Unlimited,95.16
u2318,Unlimited,Bishkek,Feb,Unlimited,91.01
u2319,Premium,Jalal-Abad,Jan,40,29.7
u2320,Standard,Jalal-Abad,Jan,20,22.32
u2321,Unlimited,Naryn,Feb,Unlimited,59.5
u2322,Premium,Naryn,Feb,40,39.13
u2323,Unlimited,Bishkek,Mar,Unlimited,83.52
u2324,Premium,Jalal-Abad,Jan,40,30.02
u2325,Unlimited,Talas,Jan,Unlimited,58.24
u2326,Standard,Bishkek,Feb,20,21.62
u2327,Premium,Naryn,Jan,40,47.6
u2328,Unlimited,Osh,Feb,Unlimited,
u2329,Standard,Batken,Feb,20,11.02
u2330,Premium,Talas,Mar,40,40.73
u2331,Unlimited,Issyk-Kul,Feb,Unlimited,80.78
u2332,Premium,Talas,Feb,40,41.58
u2333,Premium,Jalal-Abad,Mar,40,30.12
u2334,Standard,Jalal-Abad,Mar,20,19.86
u2335,Premium,Naryn,Feb,40,34.08
u2336,Unlimited,Batken,Feb,Unlimited,65.69
u2337,Standard,Talas,Jan,20,17.33
u2338,Unlimited,Bishkek,Mar,Unlimited,84.14
u2339,Premium,Issyk-Kul,Feb,40,34.52
u2340,Standard,Naryn,Mar,20,17.96
u2341,Unlimited,Jalal-Abad,Jan,Unlimited,64.74
u2342,Unlimited,Osh,Feb,Unlimited,87.7
u2343,Unlimited,Jalal-Abad,Feb,Unlimited,86.74
u2344,Standard,Issyk-Kul,Mar,20,18.23
u2345,Standard,Jalal-Abad,Mar,20,22.15
u2346,Premium,Naryn,Mar,40,47.28
u2347,Unlimited,Osh,Mar,Unlimited,63.28
u2348,Unlimited,Jalal-Abad,Jan,Unlimited,39.17
u2349,Standard,Talas,Jan,20,18.6
u2350,Premium,Jalal-Abad,Mar,40,40.98
u2351,Premium,Talas,Feb,40,42.57
u2352,Unlimited,Bishkek,Mar,Unlimited,87.87
u2353,Standard,Osh,Mar,20,15.87
u2354,Premium,Talas,Jan,40,37.01
u2355,Standard,Issyk-Kul,Jan,20,16.24
u2356,Premium,Talas,Jan,40,52.45
u2357,Premium,Batken,Feb,40,39.1
u2358,Premium,Osh,Feb,40,34.61
u2359,Unlimited,Batken,Feb,Unlimited,77.17
u2360,Standard,Jalal-Abad,Jan,20,15.22
u2361,Standard,Naryn,Feb,20,17.21
u2362,Standard,Bishkek,Mar,20,21.13
u2363,Premium,Issyk-Kul,Jan,40,34.29
u2364,Unlimited,Naryn,Mar,Unlimited,80.94
u2365,Premium,Bishkek,Mar,40,32.96
u2366,Unlimited,Jalal-Abad,Jan,Unlimited,72.68
u2367,Premium,Talas,Mar,40,37.55
u2368,Unlimited,Osh,Feb,Unlimited,70.28
u2369,Standard,Naryn,Mar,20,16.95
u2370,Premium,Issyk-Kul,Jan,40,34.63
u2371,Premium,Talas,Mar,40,40.66
u2372,Premium,Batken,Feb,40,37.82
u2373,Standard,Osh,Jan,20,12.6
u2374,Unlimited,Batken,Feb,Unlimited,59.15
u2375,Unlimited,Jalal-Abad,Mar,Unlimited,87.94
u2376,Standard,Talas,Mar,20,24.68
u2377,Premium,Bishkek,Mar,40,26.1
u2378,Unlimited,Jalal-Abad,Feb,Unlimited,59.68
u2379,Unlimited,Batken,Mar,Unlimited,62.23
u2380,Standard,Talas,Feb,20,20.22
u2381,Premium,Osh,Mar,40,37.08
u2382,Standard,Batken,Mar,20,20.9
u2383,Premium,Bishkek,Feb,40,33.3
u2384,Unlimited,Osh,Jan,Unlimited,62.11
u2385,Premium,Batken,Jan,40,
u2386,Unlimited,Batken,Mar,Unlimited,61.88
u2387,Unlimited,Talas,Jan,Unlimited,46.48
u2388,Unlimited,Jalal-Abad,Mar,Unlimited,68.06
u2389,Premium,Issyk-Kul,Mar,40,37.63
u2390,Premium,Batken,Feb,40,47.99
u2391,Premium,Jalal-Abad,Feb,40,30.62
u2392,Premium,Naryn,Jan,40,32.67
u2393,Premium,Jalal-Abad,Mar,40,31.64
u2394,Premium,Batken,Mar,40,38.22
u2395,Standard,Issyk-Kul,Mar,20,11.95
u2396,Unlimited,Naryn,Feb,Unlimited,71.77
u2397,Premium,Talas,Jan,40,38.19
u2398,Unlimited,Jalal-Abad,Jan,Unlimited,67.5
u2399,Unlimited,Issyk-Kul,Feb,Unlimited,88.09
u2400,Premium,Bishkek,Jan,40,36.82
u2401,Standard,Talas,Jan,20,17.68
u2402,Standard,Talas,Jan,20,14.37
u2403,Unlimited,Bishkek,Feb,Unlimited,79.14
u2404,Premium,Issyk-Kul,Feb,40,32.3
u2405,Standard,Talas,Jan,20,11.67
u2406,Unlimited,Batken,Jan,Unlimited,58.2
u2407,Standard,Jalal-Abad,Mar,20,19.38
u2408,Premium,Bishkek,Mar,40,34.69
u2409,Premium,Naryn,Feb,40,33.37
u2410,Unlimited,Talas,Mar,Unlimited,72.09
u2411,Premium,Jalal-Abad,Jan,40,26.91
u2412,Premium,Talas,Mar,40,43.12
u2413,Premium,Bishkek,Feb,40,33.01
u2414,Premium,Issyk-Kul,Feb,40,38.89
u2415,Standard,Bishkek,Jan,20,17.35
u2416,Premium,Talas,Feb,40,32.39
u2417,Unlimited,Bishkek,Jan,Unlimited,60.03
u2418,Standard,Osh,Feb,20,9.54
u2419,Standard,Bishkek,Jan,20,24.17
u2420,Premium,Osh,Feb,40,43.76
u2421,Unlimited,Talas,Jan,Unlimited,58.26
u2422,Premium,Batken,Feb,40,35.9
u2423,Standard,Talas,Feb,20,12.81
u2424,Unlimited,Issyk-Kul,Mar,Unlimited,59.32
u2425,Unlimited,Jalal-Abad,Feb,Unlimited,57.22
u2426,Standard,Bishkek,Mar,20,21.24
u2427,Standard,Issyk-Kul,Jan,20,22.61
u2428,Standard,Batken,Mar,20,15.64
u2429,Unlimited,Jalal-Abad,Jan,Unlimited,68.24
u2430,Unlimited,Issyk-Kul,Feb,Unlimited,56.41
u2431,Standard,Naryn,Jan,20,27.17
u2432,Premium,Bishkek,Feb,40,29.01
u2433,Standard,Bishkek,Mar,20,18.13
u2434,Unlimited,Osh,Jan,Unlimited,91.84
u2435,Premium,Jalal-Abad,Mar,40,25.64
u2436,Standard,Jalal-Abad,Feb,20,19.17
u2437,Unlimited,Naryn,Feb,Unlimited,72.77
u2438,Premium,Talas,Mar,40,41.57
u2439,Premium,Naryn,Mar,40,42.89
u2440,Unlimited,Osh,Jan,Unlimited,65.47
u2441,Premium,Talas,Feb,40,39.56
u2442,Standard,Jalal-Abad,Feb,20,18.76
u2443,Premium,Issyk-Kul,Jan,40,34.96
u2444,Unlimited,Talas,Feb,Unlimited,95.66
u2445,Premium,Bishkek,Feb,40,34.7
u2446,Standard,Jalal-Abad,Jan,20,13.66
u2447,Premium,Talas,Mar,40,34.91
u2448,Premium,Osh,Jan,40,34.11
u2449,Premium,Osh,Jan,40,34.87
u2450,Premium,Osh,Jan,40,27.65
u2451,Unlimited,Batken,Jan,Unlimited,75.67
u2452,Standard,Batken,Feb,20,17.06
u2453,Premium,Jalal-Abad,Jan,40,41.82
u2454,Premium,Osh,Jan,40,37.9
u2455,Unlimited,Batken,Jan,Unlimited,73.4
u2456,Standard,Talas,Jan,20,18.27
u2457,Premium,Batken,Mar,40,45.18
u2458,Premium,Osh,Feb,40,33.66
u2459,Premium,Bishkek,Mar,40,33.81
u2460,Premium,Bishkek,Feb,40,26.35
u2461,Standard,Batken,Jan,20,14.77
u2462,Standard,Jalal-Abad,Mar,20,21.3
u2463,Unlimited,Jalal-Abad,Mar,Unlimited,78.32
u2464,Standard,Talas,Mar,20,15.22
u2465,Premium,Jalal-Abad,Feb,40,39.2
u2466,Standard,Naryn,Mar,20,23.07
u2467,Unlimited,Osh,Jan,Unlimited,72.14
u2468,Standard,Naryn,Jan,20,
u2469,Premium,Bishkek,Mar,40,30.64
u2470,Standard,Bishkek,Jan,20,20.61
u2471,Unlimited,Naryn,Mar,Unlimited,61.01
u2472,Unlimited,Osh,Mar,Unlimited,59.07
u2473,Premium,Naryn,Mar,40,27.29
u2474,Unlimited,Osh,Feb,Unlimited,
u2475,Standard,Talas,Jan,20,18.26
u2476,Unlimited,Batken,Jan,Unlimited,68.83
u2477,Unlimited,Osh,Mar,Unlimited,56.66
u2478,Unlimited,Batken,Jan,Unlimited,83.54
u2479,Premium,Issyk-Kul,Mar,40,36.5
u2480,Unlimited,Talas,Jan,Unlimited,65.18
u2481,Premium,Batken,Jan,40,39.57
u2482,Premium,Jalal-Abad,Feb,40,36.74
u2483,Unlimited,Talas,Jan,Unlimited,40.98
u2484,Standard,Jalal-Abad,Feb,20,23.91
u2485,Premium,Talas,Mar,40,47.08
u2486,Standard,Jalal-Abad,Mar,20,14.25
u2487,Premium,Naryn,Jan,40,40.31
u2488,Standard,Issyk-Kul,Jan,20,18.06
u2489,Premium,Naryn,Mar,40,35.17
u2490,Standard,Jalal-Abad,Feb,20,
u2491,Unlimited,Osh,Jan,Unlimited,71.61
u2492,Premium,Jalal-Abad,Mar,40,29.44
u2493,Unlimited,Talas,Jan,Unlimited,83.31
u2494,Premium,Talas,Feb,40,31.4
u2495,Standard,Bishkek,Mar,20,23.86
u2496,Standard,Naryn,Jan,20,22.0
u2497,Premium,Bishkek,Mar,40,32.01
u2498,Unlimited,Issyk-Kul,Mar,Unlimited,85.67
u2499,Premium,Osh,Mar,40,35.57
